name,pheic,received,disbursed
Afghanistan,2019-2022 COVID-19 Pandemic,358911311,15261849
Afghanistan,2014-2022 Poliovirus,449545153,
Africa,2014-2016 Ebola in West Africa,207949159,
Africa,2022 Monkeypox,1150000,
Africa,2019-2022 COVID-19 Pandemic,502974353,
Africa,2014-2022 Poliovirus,53211784,
Africa,2018-2020 Ebola in DRC,1518795,
Africa CDC,2019-2022 COVID-19 Pandemic,7891395,
African Regional Industrial Property Organization,2019-2022 COVID-19 Pandemic,371241,
African Union,2014-2016 Ebola in West Africa,2000000,
Albania,2019-2022 COVID-19 Pandemic,95504177,
Algeria,2014-2022 Poliovirus,4578,
Algeria,2019-2022 COVID-19 Pandemic,155563511,
America,2022 Monkeypox,345000,
America,2015-2016 Zika Virus,263536,
America,2014-2022 Poliovirus,4440604,
America,2009-2010 H1N1,1889878,
America,2019-2022 COVID-19 Pandemic,181539133,
American Samoa,2019-2022 COVID-19 Pandemic,923498,
Angola,2019-2022 COVID-19 Pandemic,198620741,
Angola,2014-2022 Poliovirus,37211632,
Argentina,2019-2022 COVID-19 Pandemic,845961212,
Argentina,2014-2022 Poliovirus,5999,
Armenia,2014-2022 Poliovirus,499013,
Armenia,2019-2022 COVID-19 Pandemic,30869458,
Aruba,2019-2022 COVID-19 Pandemic,63228280,
Asia,2019-2022 COVID-19 Pandemic,101951137,
Asia,2014-2016 Ebola in West Africa,39078,
Asia,2015-2016 Zika Virus,2804899,
Asia,2014-2022 Poliovirus,13396166,
Azerbaijan,2014-2022 Poliovirus,2925648,
Azerbaijan,2019-2022 COVID-19 Pandemic,255832690,10000000
Bahamas,2019-2022 COVID-19 Pandemic,20516176,
Bangladesh,2019-2022 COVID-19 Pandemic,1045097021,
Bangladesh,2009-2010 H1N1,399810,
Bangladesh,2014-2022 Poliovirus,38136613,
Barbados,2019-2022 COVID-19 Pandemic,11705667,
Belarus,2019-2022 COVID-19 Pandemic,107638684,
Belize,2014-2022 Poliovirus,96543,
Belize,2019-2022 COVID-19 Pandemic,14925841,
Benin,2019-2022 COVID-19 Pandemic,75471139,
Benin,2014-2016 Ebola in West Africa,1843014,
Benin,2014-2022 Poliovirus,10145989,
Bhutan,2019-2022 COVID-19 Pandemic,35934276,
Bhutan,2014-2022 Poliovirus,471471,
Bipartisan Commission on Biodefense,2019-2022 COVID-19 Pandemic,2620000,
Bolivia,2014-2022 Poliovirus,7185045,
Bolivia,2019-2022 COVID-19 Pandemic,88234597,
Bolivia,2015-2016 Zika Virus,12044,
Bosnia and Herzegovina,2019-2022 COVID-19 Pandemic,94600655,
Bosnia and Herzegovina,2014-2022 Poliovirus,1194,
Botswana,2019-2022 COVID-19 Pandemic,15532693,
Botswana,2014-2022 Poliovirus,226823,
Brazil,2015-2016 Zika Virus,106862,
Brazil,2019-2022 COVID-19 Pandemic,14788682,
Bulgaria,2019-2022 COVID-19 Pandemic,2620,111982
Burkina Faso,2019-2022 COVID-19 Pandemic,207918452,
Burkina Faso,2014-2016 Ebola in West Africa,4189722,
Burkina Faso,2014-2022 Poliovirus,25168703,
Burundi,2019-2022 COVID-19 Pandemic,18694146,
Burundi,2014-2022 Poliovirus,9378531,
Cabo Verde,2019-2022 COVID-19 Pandemic,47358756,
Cambodia,2014-2022 Poliovirus,7405211,
Cambodia,2019-2022 COVID-19 Pandemic,334347325,
Cambridge Mayor's Disaster Relief Fund,2019-2022 COVID-19 Pandemic,2000000,
Cameroon,2019-2022 COVID-19 Pandemic,219268909,695827
Cameroon,2014-2022 Poliovirus,38664682,
Canada,2019-2022 COVID-19 Pandemic,7963,379387636
Caribbean,2015-2016 Zika Virus,1622159,
Caribbean,2019-2022 COVID-19 Pandemic,2359780,
CARICOM,2019-2022 COVID-19 Pandemic,363970,
Central African Republic,2019-2022 COVID-19 Pandemic,109402714,2450000
Central African Republic,2018-2020 Ebola in DRC,19982432,
Central African Republic,2014-2022 Poliovirus,8123396,
Central African Republic,2014-2016 Ebola in West Africa,2000000,
Central America,2019-2022 COVID-19 Pandemic,9868402,
Central Asia,2019-2022 COVID-19 Pandemic,6399038,
Chad,2019-2022 COVID-19 Pandemic,165538335,2145554
Chad,2014-2022 Poliovirus,47122287,
Chad,2014-2016 Ebola in West Africa,500000,
Chembio Diagnostics Systems Inc.,2015-2016 Zika Virus,550000,
Chile,2019-2022 COVID-19 Pandemic,1277368,
China,2019-2022 COVID-19 Pandemic,11675765,25100000
China,2014-2022 Poliovirus,1240662,
Coalition for Epidemic Preparedness Innovations (CEPI),2019-2022 COVID-19 Pandemic,1319112292,
Colombia,2014-2022 Poliovirus,5806,
Colombia,2019-2022 COVID-19 Pandemic,239805006,
Comoros,2019-2022 COVID-19 Pandemic,36181009,1356625
Comoros,2014-2022 Poliovirus,585776,
Congo,2018-2020 Ebola in DRC,11145,
Congo,2014-2022 Poliovirus,4640456,
Congo,2014-2016 Ebola in West Africa,4078,
Congo,2019-2022 COVID-19 Pandemic,70289097,
Cook Islands,2019-2022 COVID-19 Pandemic,99097331,
Costa Rica,2019-2022 COVID-19 Pandemic,4345064,
Cote d'Ivoire,2014-2016 Ebola in West Africa,8649377,
Cote d'Ivoire,2019-2022 COVID-19 Pandemic,354827738,439351
Cote d'Ivoire,2014-2022 Poliovirus,19237945,
Croatia,2019-2022 COVID-19 Pandemic,121,
Cuba,2014-2022 Poliovirus,1999682,
Cuba,2019-2022 COVID-19 Pandemic,17604952,
Cura√ßao,2019-2022 COVID-19 Pandemic,47393993,
Cyprus,2019-2022 COVID-19 Pandemic,759,110376
Democratic People's Republic of Korea,2014-2022 Poliovirus,6248338,
Democratic People's Republic of Korea,2019-2022 COVID-19 Pandemic,2875709,
Democratic Republic of the Congo,2019-2022 COVID-19 Pandemic,464783769,1285398
Democratic Republic of the Congo,2014-2016 Ebola in West Africa,4955375,
Democratic Republic of the Congo,2018-2020 Ebola in DRC,733334014,
Democratic Republic of the Congo,2014-2022 Poliovirus,111365998,
Denmark,2019-2022 COVID-19 Pandemic,11949,214992625
Direct Relief,2014-2016 Ebola in West Africa,100000,
Djibouti,2014-2022 Poliovirus,1128866,
Djibouti,2019-2022 COVID-19 Pandemic,23005573,
Dominica,2019-2022 COVID-19 Pandemic,8334034,
Dominica,2014-2022 Poliovirus,6174,
Dominican Republic,2014-2022 Poliovirus,214699,
Dominican Republic,2019-2022 COVID-19 Pandemic,88004832,
East Africa,2019-2022 COVID-19 Pandemic,11867051,
Eastern Asia,2009-2010 H1N1,4400740,
Eastern Asia,2014-2022 Poliovirus,2474249,
Eastern Asia,2019-2022 COVID-19 Pandemic,2448811,
Eastern Europe and Central Asia,2019-2022 COVID-19 Pandemic,948102,
Ecuador,2019-2022 COVID-19 Pandemic,788126128,
Ecuador,2014-2022 Poliovirus,111143,
Egypt,2019-2022 COVID-19 Pandemic,471586232,356830
El Salvador,2014-2022 Poliovirus,89718,
El Salvador,2019-2022 COVID-19 Pandemic,101825498,
Equatorial Guinea,2014-2022 Poliovirus,318859,
Equatorial Guinea,2019-2022 COVID-19 Pandemic,1168701,
Eritrea,2014-2022 Poliovirus,2614869,
Eritrea,2019-2022 COVID-19 Pandemic,1450582,
Eswatini,2019-2022 COVID-19 Pandemic,18708751,
Eswatini,2014-2022 Poliovirus,397084,
Ethiopia,2019-2022 COVID-19 Pandemic,842393004,
Ethiopia,2014-2022 Poliovirus,98161740,
Europe,2019-2022 COVID-19 Pandemic,210919429,
Europe,2022 Monkeypox,1760000,
Europe,2014-2022 Poliovirus,888413,
Federated States of Micronesia,2019-2022 COVID-19 Pandemic,21160878,
Fiji,2019-2022 COVID-19 Pandemic,133622060,
Gabon,2014-2022 Poliovirus,948913,
Gabon,2019-2022 COVID-19 Pandemic,131864593,6827642
Gambia,2014-2022 Poliovirus,1690958,
Gambia,2019-2022 COVID-19 Pandemic,40407823,
Georgia,2014-2022 Poliovirus,20000,
Georgia,2019-2022 COVID-19 Pandemic,162457394,
Ghana,2014-2022 Poliovirus,25365340,
Ghana,2014-2016 Ebola in West Africa,15270469,
Ghana,2019-2022 COVID-19 Pandemic,401734048,
Grenada,2019-2022 COVID-19 Pandemic,4174987,
Guatemala,2014-2022 Poliovirus,259219,
Guatemala,2019-2022 COVID-19 Pandemic,34731896,
Guinea,2014-2016 Ebola in West Africa,227311310,100000
Guinea,2014-2022 Poliovirus,7556772,
Guinea,2018-2020 Ebola in DRC,638015,
Guinea,2019-2022 COVID-19 Pandemic,118798714,1794462
Guinea Bissau,2014-2016 Ebola in West Africa,1510338,
Guinea Bissau,2019-2022 COVID-19 Pandemic,25021260,11831789
Guinea Bissau,2014-2022 Poliovirus,896434,
Guyana,2014-2022 Poliovirus,407303,
Guyana,2019-2022 COVID-19 Pandemic,81958107,
Haiti,2015-2016 Zika Virus,840362,
Haiti,2014-2022 Poliovirus,5618220,
Haiti,2014-2016 Ebola in West Africa,500014,
Haiti,2019-2022 COVID-19 Pandemic,128119042,
Honduras,2014-2022 Poliovirus,4684828,
Honduras,2019-2022 COVID-19 Pandemic,105516810,
Hungary,2019-2022 COVID-19 Pandemic,17,800000
India,2014-2022 Poliovirus,244337147,
India,2019-2022 COVID-19 Pandemic,3124627952,
Indonesia,2019-2022 COVID-19 Pandemic,3460269104,1000000
Indonesia,2014-2022 Poliovirus,50069737,
Indonesia,2015-2016 Zika Virus,2938466,
International Atomic Energy Agency (IAEA),2019-2022 COVID-19 Pandemic,3763870,
International Red Cross and Red Crescent Movement,2014-2016 Ebola in West Africa,441150,90685886
International Red Cross and Red Crescent Movement,2015-2016 Zika Virus,6897926,5098311
Iran,2019-2022 COVID-19 Pandemic,184111059,51793834
Iran,2014-2022 Poliovirus,1180662,
Iraq,2014-2022 Poliovirus,17767115,
Iraq,2019-2022 COVID-19 Pandemic,186512945,
Ireland,2019-2022 COVID-19 Pandemic,25,37245724
Israel,2019-2022 COVID-19 Pandemic,4157,43267
Italy,2019-2022 COVID-19 Pandemic,3580595,34037401
Jamaica,2019-2022 COVID-19 Pandemic,93734417,
Japan,2019-2022 COVID-19 Pandemic,6530,182378007
Johns Hopkins Center for Communication Programs,2022 Monkeypox,725000,
Jordan,2014-2022 Poliovirus,137899,
Jordan,2019-2022 COVID-19 Pandemic,237099187,
Kazakhstan,2019-2022 COVID-19 Pandemic,1119415962,
Kenya,2019-2022 COVID-19 Pandemic,625131523,
Kenya,2014-2022 Poliovirus,26755758,
Kiribati,2014-2022 Poliovirus,192386,
Kiribati,2019-2022 COVID-19 Pandemic,14482085,
Kosovo,2019-2022 COVID-19 Pandemic,88949684,
Kuwait,2019-2022 COVID-19 Pandemic,267300,85500000
Kyrgyzstan,2019-2022 COVID-19 Pandemic,94467209,
Kyrgyzstan,2014-2022 Poliovirus,3355864,
Lao People's Democratic Republic,2019-2022 COVID-19 Pandemic,75065533,
Lao People's Democratic Republic,2014-2022 Poliovirus,4038038,
Latin America,2019-2022 COVID-19 Pandemic,415871,
Latin America and the Caribbean,2015-2016 Zika Virus,150000000,
Latin America and the Caribbean,2019-2022 COVID-19 Pandemic,54013,
Lebanon,2019-2022 COVID-19 Pandemic,119881801,5562072
Lesotho,2014-2022 Poliovirus,948102,
Lesotho,2019-2022 COVID-19 Pandemic,35912302,162912
Liberia,2019-2022 COVID-19 Pandemic,95721364,1073696
Liberia,2014-2022 Poliovirus,6419401,
Liberia,2014-2016 Ebola in West Africa,615289869,
Libya,2019-2022 COVID-19 Pandemic,32533482,480000
Libya,2014-2022 Poliovirus,569217,
Lithuania,2019-2022 COVID-19 Pandemic,2938302,111765
Lithuania,2015-2016 Zika Virus,22819,
Low and middle-income countries (LMIC),2014-2022 Poliovirus,1819746708,
Low and middle-income countries (LMIC),2015-2016 Zika Virus,8581008,
Low and middle-income countries (LMIC),2009-2010 H1N1,16561337,
Low and middle-income countries (LMIC),2018-2020 Ebola in DRC,7322302,
Low and middle-income countries (LMIC),2019-2022 COVID-19 Pandemic,13769385948,
Low and middle-income countries (LMIC),2014-2016 Ebola in West Africa,25249446,
Madagascar,2014-2022 Poliovirus,21184706,
Madagascar,2019-2022 COVID-19 Pandemic,149490159,3700000
Malawi,2019-2022 COVID-19 Pandemic,147570830,
Malawi,2014-2022 Poliovirus,13387965,
Malawi,2018-2020 Ebola in DRC,4353406,
Malaysia,2019-2022 COVID-19 Pandemic,6368800,
Malaysia,2014-2022 Poliovirus,136985,
Maldives,2019-2022 COVID-19 Pandemic,64800903,
Mali,2019-2022 COVID-19 Pandemic,186483308,1106717
Mali,2014-2022 Poliovirus,18950457,
Mali,2014-2016 Ebola in West Africa,8461578,
Marshall Islands,2019-2022 COVID-19 Pandemic,11674955,
Mauritania,2019-2022 COVID-19 Pandemic,92030203,933169
Mauritania,2014-2016 Ebola in West Africa,642558,
Mauritania,2014-2022 Poliovirus,2818627,
Mauritius,2014-2022 Poliovirus,2224,
Mauritius,2019-2022 COVID-19 Pandemic,587322058,
Mexico,2019-2022 COVID-19 Pandemic,10097783,600000
Mexico,2014-2022 Poliovirus,1196595,
Middle Africa,2019-2022 COVID-19 Pandemic,2958726,
Middle East,2022 Monkeypox,1217000,
Middle East,2019-2022 COVID-19 Pandemic,62190944,
Middle East,2014-2022 Poliovirus,4471535,
Middle East and North Africa,2019-2022 COVID-19 Pandemic,486103,
Mongolia,2014-2022 Poliovirus,1993657,
Mongolia,2019-2022 COVID-19 Pandemic,309046088,
Montenegro,2019-2022 COVID-19 Pandemic,57345323,
Morocco,2019-2022 COVID-19 Pandemic,600464408,
Morocco,2014-2022 Poliovirus,121223,
Mozambique,2014-2022 Poliovirus,16171489,
Mozambique,2019-2022 COVID-19 Pandemic,415401197,
Myanmar,2019-2022 COVID-19 Pandemic,130809616,
Myanmar,2014-2022 Poliovirus,21036890,
Namibia,2019-2022 COVID-19 Pandemic,9860477,
Namibia,2014-2022 Poliovirus,493722,
Nauru,2019-2022 COVID-19 Pandemic,1354389,
Nepal,2014-2022 Poliovirus,13235626,
Nepal,2019-2022 COVID-19 Pandemic,548597677,
Netherlands,2019-2022 COVID-19 Pandemic,6666021,403130595
New Zealand,2019-2022 COVID-19 Pandemic,3189638,288203164
Nicaragua,2014-2022 Poliovirus,3935781,
Nicaragua,2019-2022 COVID-19 Pandemic,90290540,
Niger,2014-2022 Poliovirus,26409050,
Niger,2019-2022 COVID-19 Pandemic,226904423,
Nigeria,2014-2016 Ebola in West Africa,3046859,
Nigeria,2019-2022 COVID-19 Pandemic,1153583688,
Nigeria,2014-2022 Poliovirus,1320424403,
Niue,2019-2022 COVID-19 Pandemic,14196182,
North Africa,2019-2022 COVID-19 Pandemic,71659,
North Macedonia,2019-2022 COVID-19 Pandemic,94383027,
Not reported,2014-2022 Poliovirus,228357135,
Not reported,2014-2016 Ebola in West Africa,26536105,10350
Not reported,2019-2022 COVID-19 Pandemic,1445482468,263121526
Not reported,2018-2020 Ebola in DRC,9694624,
Not reported,2015-2016 Zika Virus,157068,
Oceania,2019-2022 COVID-19 Pandemic,75587936,
Oceania,2015-2016 Zika Virus,2526899,
Oceania,2014-2022 Poliovirus,59620,
Oceania,2014-2016 Ebola in West Africa,822376,
Pakistan,2014-2022 Poliovirus,1288886462,
Pakistan,2019-2022 COVID-19 Pandemic,1713312184,
Palau,2019-2022 COVID-19 Pandemic,36286962,
Palestine,2019-2022 COVID-19 Pandemic,183444773,
Panama,2019-2022 COVID-19 Pandemic,22073586,
Pan American Health Organization (PAHO),2019-2022 COVID-19 Pandemic,263121526,
Pan American Health Organization (PAHO),2015-2016 Zika Virus,14627308,
Papua New Guinea,2014-2022 Poliovirus,7332715,
Papua New Guinea,2019-2022 COVID-19 Pandemic,308118844,
Paraguay,2019-2022 COVID-19 Pandemic,33765492,
Paraguay,2014-2022 Poliovirus,52522,
Peru,2019-2022 COVID-19 Pandemic,26276892,
Philippines,2014-2016 Ebola in West Africa,101799,2041742
Philippines,2019-2022 COVID-19 Pandemic,3400957370,1459153
Philippines,2014-2022 Poliovirus,3181446,
Population Services International,2015-2016 Zika Virus,100000,
Project Hope,2014-2016 Ebola in West Africa,63000,
Republic of Korea,2019-2022 COVID-19 Pandemic,15600,196101633
Republic of Moldova,2014-2022 Poliovirus,908234,
Republic of Moldova,2019-2022 COVID-19 Pandemic,61247556,
Romania,2019-2022 COVID-19 Pandemic,356060,200000
Russian Federation,2019-2022 COVID-19 Pandemic,962289,
Rwanda,2014-2022 Poliovirus,7629440,
Rwanda,2019-2022 COVID-19 Pandemic,294945822,
Rwanda,2018-2020 Ebola in DRC,4319559,
Saint Lucia,2019-2022 COVID-19 Pandemic,31249471,
Saint Vincent and the Grenadines,2019-2022 COVID-19 Pandemic,724751,
Samoa,2019-2022 COVID-19 Pandemic,42250480,
Sao Tome and Principe,2019-2022 COVID-19 Pandemic,21193380,3329579
Sao Tome and Principe,2014-2022 Poliovirus,237983,
Saudi Arabia,2019-2022 COVID-19 Pandemic,1897,163000000
Save the Children,2014-2016 Ebola in West Africa,562000,7691932
Senegal,2014-2016 Ebola in West Africa,2788837,
Senegal,2014-2022 Poliovirus,14373097,
Senegal,2019-2022 COVID-19 Pandemic,111866516,
Serbia,2019-2022 COVID-19 Pandemic,75118487,2303753
Seychelles,2014-2022 Poliovirus,5585,
Seychelles,2019-2022 COVID-19 Pandemic,13294579,
Sierra Leone,2014-2022 Poliovirus,8011300,
Sierra Leone,2014-2016 Ebola in West Africa,540539330,
Sierra Leone,2019-2022 COVID-19 Pandemic,74548537,
Singapore,2019-2022 COVID-19 Pandemic,13376,800000
Sint Maarten,2019-2022 COVID-19 Pandemic,7277146,
Solomon Islands,2014-2022 Poliovirus,518644,
Solomon Islands,2019-2022 COVID-19 Pandemic,50714175,
Somalia,2014-2016 Ebola in West Africa,762010,
Somalia,2019-2022 COVID-19 Pandemic,167910852,
Somalia,2014-2022 Poliovirus,52683482,
South Africa,2019-2022 COVID-19 Pandemic,128962539,
South Africa,2014-2022 Poliovirus,1046140,
South America,2019-2022 COVID-19 Pandemic,34871263,
Southeast Asia,2019-2022 COVID-19 Pandemic,144874,
Southern Africa,2019-2022 COVID-19 Pandemic,5653247,
Southern Asia,2019-2022 COVID-19 Pandemic,4445102,
South Sudan,2019-2022 COVID-19 Pandemic,391196681,
South Sudan,2014-2016 Ebola in West Africa,11624099,
South Sudan,2018-2020 Ebola in DRC,8916986,
South Sudan,2014-2022 Poliovirus,42885093,
Sri Lanka,2019-2022 COVID-19 Pandemic,400381351,
Sri Lanka,2014-2022 Poliovirus,3307627,
Sub-Saharan Africa,2014-2022 Poliovirus,18206887,
Sub-Saharan Africa,2014-2016 Ebola in West Africa,64801314,
Sub-Saharan Africa,2019-2022 COVID-19 Pandemic,128249931,
Sudan,2014-2016 Ebola in West Africa,3800000,
Sudan,2014-2022 Poliovirus,39961747,
Sudan,2019-2022 COVID-19 Pandemic,229713512,
Suriname,2019-2022 COVID-19 Pandemic,6820544,
Sweden,2019-2022 COVID-19 Pandemic,479998,1644365651
Switzerland,2019-2022 COVID-19 Pandemic,402249,250425357
Syrian Arab Republic,2019-2022 COVID-19 Pandemic,206407890,
Syrian Arab Republic,2014-2022 Poliovirus,11310773,
Taiwan,2019-2022 COVID-19 Pandemic,6612,
Tajikistan,2014-2022 Poliovirus,14052594,
Tajikistan,2019-2022 COVID-19 Pandemic,74445865,
Thailand,2019-2022 COVID-19 Pandemic,1518886480,150000
Timor-Leste,2019-2022 COVID-19 Pandemic,31679044,
Timor-Leste,2014-2022 Poliovirus,860236,
Togo,2019-2022 COVID-19 Pandemic,112295180,
Togo,2014-2022 Poliovirus,9494523,
Togo,2014-2016 Ebola in West Africa,820000,1581
Tonga,2019-2022 COVID-19 Pandemic,31641936,
Tonga,2015-2016 Zika Virus,100310,
Trinidad and Tobago,2019-2022 COVID-19 Pandemic,242252,
Tunisia,2019-2022 COVID-19 Pandemic,165635199,
Turkey,2014-2022 Poliovirus,1523112,
Turkey,2019-2022 COVID-19 Pandemic,163271693,
Turkmenistan,2014-2022 Poliovirus,6972,
Turkmenistan,2019-2022 COVID-19 Pandemic,18933540,
Tuvalu,2019-2022 COVID-19 Pandemic,6380628,
Uganda,2014-2022 Poliovirus,28340078,
Uganda,2018-2020 Ebola in DRC,7202864,
Uganda,2019-2022 COVID-19 Pandemic,460697466,
Uganda,2014-2016 Ebola in West Africa,742073,
Ukraine,2014-2022 Poliovirus,3615423,
Ukraine,2014-2016 Ebola in West Africa,101799,
Ukraine,2019-2022 COVID-19 Pandemic,422680031,
United Kingdom,2019-2022 COVID-19 Pandemic,11242588,910380526
United Kingdom,2014-2016 Ebola in West Africa,654292,280610502
United Nations (UN),2018-2020 Ebola in DRC,4600000,118303588
United Nations (UN),2019-2022 COVID-19 Pandemic,10950000,1441465355
United Nations (UN),2014-2016 Ebola in West Africa,148161511,200066043
United Republic of Tanzania,2019-2022 COVID-19 Pandemic,186186322,
United Republic of Tanzania,2014-2022 Poliovirus,33876553,
United Republic of Tanzania,2014-2016 Ebola in West Africa,36862,
United Republic of Tanzania,2018-2020 Ebola in DRC,500000,
United States of America,2019-2022 COVID-19 Pandemic,1440466,4788532679
University of California San Francisco,2019-2022 COVID-19 Pandemic,12000000,
Uruguay,2019-2022 COVID-19 Pandemic,19346028,
Uruguay,2014-2022 Poliovirus,6847,
Uzbekistan,2019-2022 COVID-19 Pandemic,697186575,
Uzbekistan,2014-2022 Poliovirus,14539562,
Vanuatu,2019-2022 COVID-19 Pandemic,25349791,
Vanuatu,2014-2022 Poliovirus,2191320,
"Venezuela, Bolivarian Republic of",2014-2022 Poliovirus,9929,
"Venezuela, Bolivarian Republic of",2019-2022 COVID-19 Pandemic,57325485,
Viet Nam,2019-2022 COVID-19 Pandemic,473305364,
Viet Nam,2014-2022 Poliovirus,28799221,
West Africa,2014-2016 Ebola in West Africa,73078787,
West Africa,2019-2022 COVID-19 Pandemic,5709361,
Western Pacific,2019-2022 COVID-19 Pandemic,368781,
Western Sahara,2019-2022 COVID-19 Pandemic,2684397,
World Health Organization (WHO),2014-2016 Ebola in West Africa,342486238,
World Health Organization (WHO),2018-2020 Ebola in DRC,232027618,122107887
World Health Organization (WHO),2019-2022 COVID-19 Pandemic,2557715766,123901523
Yemen,2014-2016 Ebola in West Africa,4256987,
Yemen,2019-2022 COVID-19 Pandemic,213398822,20000000
Yemen,2014-2022 Poliovirus,17194427,
Zambia,2014-2022 Poliovirus,15355651,
Zambia,2014-2016 Ebola in West Africa,70,
Zambia,2019-2022 COVID-19 Pandemic,126779812,
Zimbabwe,2014-2022 Poliovirus,11062242,
Zimbabwe,2019-2022 COVID-19 Pandemic,178530584,
Institute of Tropical Medicine,2019-2022 COVID-19 Pandemic,,816113
Malaysia,2014-2016 Ebola in West Africa,,100000
Goldman Sachs,2019-2022 COVID-19 Pandemic,,1400000
DanChurchAid,2019-2022 COVID-19 Pandemic,,552412
Inter-American Development Bank,2015-2016 Zika Virus,,211500
Plan International,2019-2022 COVID-19 Pandemic,,16829086
Germany,2014-2016 Ebola in West Africa,,54942249
Oxfam International,2019-2022 COVID-19 Pandemic,,46203167
Republic of Korea,2014-2016 Ebola in West Africa,,8950000
OCHA Country Based Pooled Funds,2018-2020 Ebola in DRC,,6833029
OCHA Country Based Pooled Funds,2014-2022 Poliovirus,,137899
Ireland,2014-2016 Ebola in West Africa,,2928558
Denmark,2018-2020 Ebola in DRC,,4430859
Poland,2014-2016 Ebola in West Africa,,146317
Bill & Melinda Gates Foundation,2014-2016 Ebola in West Africa,,33426937
World Health Organization (WHO),2022 Monkeypox,,8348983
Slovakia,2019-2022 COVID-19 Pandemic,,398866
HelpAge International,2019-2022 COVID-19 Pandemic,,6077035
New Zealand,2015-2016 Zika Virus,,289490
Norwegian Refugee Council,2019-2022 COVID-19 Pandemic,,4284709
Norway,2018-2020 Ebola in DRC,,5306291
Czech Republic,2014-2016 Ebola in West Africa,,205052
International Fund for Agricultural Development (IFAD),2019-2022 COVID-19 Pandemic,,20404760
Dadco Alumina And Chemicals Ltd.,2014-2016 Ebola in West Africa,,25000
Liechtenstein,2019-2022 COVID-19 Pandemic,,320513
Vulcan Inc.,2019-2022 COVID-19 Pandemic,,1000000
ActionAid International,2019-2022 COVID-19 Pandemic,,4893624
Pfizer,2015-2016 Zika Virus,,2100000
Asian Development Bank,2019-2022 COVID-19 Pandemic,,11202281842
Amref Health Africa,2019-2022 COVID-19 Pandemic,,115848
CARE International,2019-2022 COVID-19 Pandemic,,9189948
Andorra,2014-2016 Ebola in West Africa,,20053
Sumitomo Mitsui Banking Corporation,2019-2022 COVID-19 Pandemic,,1100000
Spain,2015-2016 Zika Virus,,109940
Japan,2018-2020 Ebola in DRC,,1300000
Latvia,2014-2016 Ebola in West Africa,,48876
China,2018-2020 Ebola in DRC,,4000000
United Nations (UN),2014-2022 Poliovirus,,1349660816
S. C. Johnson & Son Inc.,2015-2016 Zika Virus,,28951
European Commission - International Partnerships,2014-2022 Poliovirus,,17349564
RedR UK,2019-2022 COVID-19 Pandemic,,270889
Save the Children,2019-2022 COVID-19 Pandemic,,10436669
Bill & Melinda Gates Foundation,2014-2022 Poliovirus,,1698135956
Interpeace,2019-2022 COVID-19 Pandemic,,62178
Oxfam International,2014-2016 Ebola in West Africa,,40486357
Southern African Development Community Secretariat (SADC),2019-2022 COVID-19 Pandemic,,8503380
United Nations (UN),2015-2016 Zika Virus,,22819
Israel,2014-2016 Ebola in West Africa,,8750000
Guyana,2014-2016 Ebola in West Africa,,50363
Portugal,2014-2016 Ebola in West Africa,,257050
Estonia,2019-2022 COVID-19 Pandemic,,108578
Christian Aid,2014-2016 Ebola in West Africa,,5651377
UN Federal Credit Union Foundation,2019-2022 COVID-19 Pandemic,,76497
Peru,2014-2016 Ebola in West Africa,,48479
Australia,2014-2022 Poliovirus,,87960576
BRAC,2019-2022 COVID-19 Pandemic,,646704
Germany,2019-2022 COVID-19 Pandemic,,2203213191
International Federation of Terre des Hommes (TDHIF),2019-2022 COVID-19 Pandemic,,5378849
World Vision International,2019-2022 COVID-19 Pandemic,,2836482
Takeda Pharmaceutical,2019-2022 COVID-19 Pandemic,,2000000
United States of America,2014-2022 Poliovirus,,381252418
Pfizer Foundation,2015-2016 Zika Virus,,2100000
International Bureau of Fiscal Documentation (IBFD),2019-2022 COVID-19 Pandemic,,43068
South Africa,2014-2016 Ebola in West Africa,,325725
Sightsavers,2014-2022 Poliovirus,,52737
International Development Law Organization (IDLO),2019-2022 COVID-19 Pandemic,,788380
Sweden,2014-2016 Ebola in West Africa,,89155639
Paul Allen Foundation,2018-2020 Ebola in DRC,,721726
UN Foundation,2014-2016 Ebola in West Africa,,300371
Danish Refugee Council,2019-2022 COVID-19 Pandemic,,1158116
Kazakhstan,2014-2016 Ebola in West Africa,,50000
Turkey,2014-2016 Ebola in West Africa,,1500000
European Commission - International Partnerships,2014-2016 Ebola in West Africa,,11586909
African Development Bank,2019-2022 COVID-19 Pandemic,,2808065038
Merck,2014-2016 Ebola in West Africa,,401150
Shinnyo-en,2014-2016 Ebola in West Africa,,100000
Sanofi Foundation,2014-2016 Ebola in West Africa,,128000
International Rescue Committee,2018-2020 Ebola in DRC,,234237
East African Community,2019-2022 COVID-19 Pandemic,,8518534
Denmark,2014-2016 Ebola in West Africa,,14469487
Disasters Emergency Committee,2014-2016 Ebola in West Africa,,33941463
United States of America,2014-2016 Ebola in West Africa,,651612313
Bolivia,2014-2016 Ebola in West Africa,,1000000
Spain,2014-2016 Ebola in West Africa,,7129491
Handicap International,2019-2022 COVID-19 Pandemic,,2274631
Global Alliance for Vaccines and Immunisation (GAVI),2014-2022 Poliovirus,,992997352
The William and Flora Hewlett Foundation,2018-2020 Ebola in DRC,,40000
European Bank for Reconstruction and Development,2019-2022 COVID-19 Pandemic,,58426125
Belgium,2014-2016 Ebola in West Africa,,8945028
World Bank,2014-2022 Poliovirus,,590377230
Oxfam International,2018-2020 Ebola in DRC,,9493786
Qatar,2014-2016 Ebola in West Africa,,1000000
Eli Lilly and Company,2014-2016 Ebola in West Africa,,50000
Luminate Foundation Inc.,2019-2022 COVID-19 Pandemic,,150000
Equatorial Guinea,2014-2016 Ebola in West Africa,,1750767
Estonia,2014-2016 Ebola in West Africa,,129847
Singapore,2014-2016 Ebola in West Africa,,150000
Sweden,2018-2020 Ebola in DRC,,4230163
OCHA Country Based Pooled Funds,2019-2022 COVID-19 Pandemic,,233578794
Wellcome Trust,2019-2022 COVID-19 Pandemic,,28179390
SOS Children's Villages The Netherlands,2019-2022 COVID-19 Pandemic,,2544502
Nuffic,2019-2022 COVID-19 Pandemic,,460990
Japan,2014-2022 Poliovirus,,4706738
OPEC Fund for International Development,2014-2016 Ebola in West Africa,,500000
China Medical Board,2019-2022 COVID-19 Pandemic,,148500
King Baudouin Foundation,2019-2022 COVID-19 Pandemic,,3250000
Canada,2015-2016 Zika Virus,,1042587
Romania,2014-2016 Ebola in West Africa,,40000
HelpAge International,2014-2016 Ebola in West Africa,,502993
The Pacific Community (SPC),2019-2022 COVID-19 Pandemic,,500000
Luxembourg,2019-2022 COVID-19 Pandemic,,2133509
Hungary,2014-2016 Ebola in West Africa,,62578
World Bank Trust Funds,2019-2022 COVID-19 Pandemic,,34071575
CARE International,2018-2020 Ebola in DRC,,200000
France,2014-2016 Ebola in West Africa,,635324
Clinton Health Access Initiative,2019-2022 COVID-19 Pandemic,,171479
Mexico,2014-2016 Ebola in West Africa,,1000000
Wellcome Trust,2014-2016 Ebola in West Africa,,12229355
Canada,2018-2020 Ebola in DRC,,10091032
Stichting Beheer Subsidiegelden DRA,2019-2022 COVID-19 Pandemic,,7299202
Foundation for Innovative New Diagnostics (FIND),2019-2022 COVID-19 Pandemic,,360352
Penal Reform International,2019-2022 COVID-19 Pandemic,,562465
Handicap International Federation,2019-2022 COVID-19 Pandemic,,117868
New Zealand,2014-2022 Poliovirus,,3481285
Chile,2014-2016 Ebola in West Africa,,300000
Fondation Hirondelle,2019-2022 COVID-19 Pandemic,,198108
Sightsavers,2019-2022 COVID-19 Pandemic,,2786767
International Institute for Environment and Development,2019-2022 COVID-19 Pandemic,,88175
Aqua for All,2019-2022 COVID-19 Pandemic,,20253
TradeMark East Africa,2019-2022 COVID-19 Pandemic,,3502694
Malta,2019-2022 COVID-19 Pandemic,,59737
Paul Allen Foundation,2015-2016 Zika Virus,,2050000
Finland,2014-2022 Poliovirus,,1054
OPEC Fund for International Development,2019-2022 COVID-19 Pandemic,,1500000
Interpeace,2018-2020 Ebola in DRC,,889142
African Development Bank,2018-2020 Ebola in DRC,,2709233
GlobalGiving.org,2014-2016 Ebola in West Africa,,176628
Christian Aid,2019-2022 COVID-19 Pandemic,,374409603
United Kingdom,2018-2020 Ebola in DRC,,131082462
World Bank,2019-2022 COVID-19 Pandemic,,6403495353
International Red Cross and Red Crescent Movement,2014-2022 Poliovirus,,1323
Novartis,2019-2022 COVID-19 Pandemic,,499690
Islamic Relief Worldwide,2019-2022 COVID-19 Pandemic,,649368
United Nations Human Settlement Programme,2014-2022 Poliovirus,,1453591
Task Force for Global Health (TFGH),2019-2022 COVID-19 Pandemic,,247525
Action Against Hunger,2019-2022 COVID-19 Pandemic,,6767132
Switzerland,2014-2016 Ebola in West Africa,,5967662
Spain,2019-2022 COVID-19 Pandemic,,99774980
World Bank,2015-2016 Zika Virus,,150000000
Ground Truth Solutions,2019-2022 COVID-19 Pandemic,,193543
Ireland,2014-2022 Poliovirus,,4761
Edukans Foundation,2019-2022 COVID-19 Pandemic,,324276
Australia,2009-2010 H1N1,,18525960
China,2014-2016 Ebola in West Africa,,225308121
Vale International Holdings Gmbh,2014-2016 Ebola in West Africa,,100000
United Kingdom,2009-2010 H1N1,,2835926
Australia,2015-2016 Zika Virus,,8081084
World Bank,2014-2016 Ebola in West Africa,,369759577
CDAC Network,2019-2022 COVID-19 Pandemic,,46114
GlobalGiving.org,2018-2020 Ebola in DRC,,237
Global Alliance for Vaccines and Immunisation (GAVI),2014-2016 Ebola in West Africa,,16057939
World Jewish Relief,2019-2022 COVID-19 Pandemic,,20987
Multilateral Investment Fund,2019-2022 COVID-19 Pandemic,,300000
International Red Cross and Red Crescent Movement,2019-2022 COVID-19 Pandemic,,528121797
Stichting Agriterra,2019-2022 COVID-19 Pandemic,,386349
Volvo Group,2014-2016 Ebola in West Africa,,1307360
Islamic Development Bank,2019-2022 COVID-19 Pandemic,,33176422
Stichting Red een Kind,2019-2022 COVID-19 Pandemic,,211340
France,2019-2022 COVID-19 Pandemic,,682643087
Malaria Consortium,2014-2022 Poliovirus,,40975
International Labour Organization (ILO),2014-2016 Ebola in West Africa,,163633
Brown-Forman,2019-2022 COVID-19 Pandemic,,1000000
CISU,2019-2022 COVID-19 Pandemic,,64677
Global Alliance for Vaccines and Immunisation (GAVI),2019-2022 COVID-19 Pandemic,,14853127575
European Commission - International Partnerships,2019-2022 COVID-19 Pandemic,,912620445
UN Pooled Funds,2014-2016 Ebola in West Africa,,17642224
National Philanthropic Trust (NPT),2019-2022 COVID-19 Pandemic,,5176212
Disasters Emergency Committee,2019-2022 COVID-19 Pandemic,,25475794
Disabled People's Organisations Denmark,2019-2022 COVID-19 Pandemic,,77619
Simavi,2019-2022 COVID-19 Pandemic,,6679277
Slovenia,2019-2022 COVID-19 Pandemic,,536384
Netherlands,2014-2016 Ebola in West Africa,,40601721
Finland,2019-2022 COVID-19 Pandemic,,52612308
Mauritius,2014-2016 Ebola in West Africa,,20000
Canada,2009-2010 H1N1,,1889878
Netherlands,2018-2020 Ebola in DRC,,513487
Australia,2014-2016 Ebola in West Africa,,37968631
Georgia,2014-2016 Ebola in West Africa,,25000
International IDEA,2019-2022 COVID-19 Pandemic,,479998
Catholic Agency For Overseas Development (CAFOD),2019-2022 COVID-19 Pandemic,,3397830
United Kingdom,2014-2022 Poliovirus,,516149611
BBC Media Action,2019-2022 COVID-19 Pandemic,,240187
Norwegian Refugee Council,2014-2016 Ebola in West Africa,,568477
Paul Allen Foundation,2014-2016 Ebola in West Africa,,1356530
Malta,2014-2016 Ebola in West Africa,,62295
Societe Des Mines De Fer De Guinee (smfg),2014-2016 Ebola in West Africa,,25000
Spain,2014-2022 Poliovirus,,367561
Veolia Environment Foundation,2019-2022 COVID-19 Pandemic,,112591
African Development Bank,2014-2016 Ebola in West Africa,,255667625
Aga Khan Foundation (United Kingdom),2019-2022 COVID-19 Pandemic,,1290526
Monaco,2014-2016 Ebola in West Africa,,63532
Portugal,2019-2022 COVID-19 Pandemic,,830416
Practical Action,2015-2016 Zika Virus,,12044
Mercy Corps Europe,2019-2022 COVID-19 Pandemic,,332409
Japan,2015-2016 Zika Virus,,200518
Monaco,2019-2022 COVID-19 Pandemic,,411281
World Vision International,2014-2022 Poliovirus,,237432
Thailand,2014-2016 Ebola in West Africa,,152905
Nestle,2019-2022 COVID-19 Pandemic,,1000000
Bill & Melinda Gates Foundation,2018-2020 Ebola in DRC,,14758119
Brunei Darussalam,2014-2016 Ebola in West Africa,,100000
MapAction,2019-2022 COVID-19 Pandemic,,159898
Republic of Korea,2018-2020 Ebola in DRC,,1000000
GlobalGiving.org,2019-2022 COVID-19 Pandemic,,3541653
The William and Flora Hewlett Foundation,2014-2016 Ebola in West Africa,,3500000
Holy See,2019-2022 COVID-19 Pandemic,,111720
Russian Federation,2014-2016 Ebola in West Africa,,1436210
"Venezuela, Bolivarian Republic of",2014-2016 Ebola in West Africa,,5000000
GlobalGiving.org,2014-2022 Poliovirus,,36925
Czech Republic,2019-2022 COVID-19 Pandemic,,258176
Zoological Society of London,2019-2022 COVID-19 Pandemic,,105555
Colombia,2014-2016 Ebola in West Africa,,100000
Bill & Melinda Gates Foundation,2015-2016 Zika Virus,,9697890
King Salman Humanitarian Aid and Relief Centre,2019-2022 COVID-19 Pandemic,,91271410
Cordaid,2019-2022 COVID-19 Pandemic,,10334542
GOAL,2019-2022 COVID-19 Pandemic,,5316828
GlaxoSmithKline,2014-2016 Ebola in West Africa,,562000
Global Alliance for Vaccines and Immunisation (GAVI),2018-2020 Ebola in DRC,,38486688
Open Philanthropy,2019-2022 COVID-19 Pandemic,,2620000
World Health Organization (WHO),2015-2016 Zika Virus,,5615000
Italy,2018-2020 Ebola in DRC,,695745
Canada,2014-2016 Ebola in West Africa,,113120968
Italy,2014-2016 Ebola in West Africa,,4073612
Montenegro,2014-2016 Ebola in West Africa,,5000
Wellcome Trust,2018-2020 Ebola in DRC,,8260200
OAS African Investments Limited,2014-2016 Ebola in West Africa,,107000
Chan Zuckerberg Initiative,2014-2016 Ebola in West Africa,,25000000
Kerk in Actie,2019-2022 COVID-19 Pandemic,,651567
Norway,2019-2022 COVID-19 Pandemic,,235111966
India,2014-2016 Ebola in West Africa,,10500000
Bill & Melinda Gates Foundation,2019-2022 COVID-19 Pandemic,,582443292
Austria,2019-2022 COVID-19 Pandemic,,4616884
United States of America,2022 Monkeypox,,725000
Australia,2019-2022 COVID-19 Pandemic,,123758991
Stichting Vluchteling,2019-2022 COVID-19 Pandemic,,1174234
Christian Aid,2018-2020 Ebola in DRC,,405032
Slovakia,2014-2016 Ebola in West Africa,,37446
Japan,2014-2016 Ebola in West Africa,,30770246
Inter-American Development Bank,2019-2022 COVID-19 Pandemic,,1218689023
European Commission - International Partnerships,2018-2020 Ebola in DRC,,11145
Holy See,2014-2016 Ebola in West Africa,,20000
International Alert,2018-2020 Ebola in DRC,,513487
United States of America,2015-2016 Zika Virus,,11454252
Vital Strategies/Resolve to Save Lives,2019-2022 COVID-19 Pandemic,,3862183
Ireland,2018-2020 Ebola in DRC,,3725772
Pfizer,2014-2016 Ebola in West Africa,,25000
"The Global Fund to Fight AIDS, Tuberculosis and Malaria",2019-2022 COVID-19 Pandemic,,999859227
Belgium,2019-2022 COVID-19 Pandemic,,35579792
Norway,2014-2016 Ebola in West Africa,,18944107
New Zealand,2014-2016 Ebola in West Africa,,5741450
Fidelity Charitable,2019-2022 COVID-19 Pandemic,,1500000
African Reinsurance Corporation,2019-2022 COVID-19 Pandemic,,250000
ADD International (Action on Disability and Development),2019-2022 COVID-19 Pandemic,,167106
Slovenia,2014-2016 Ebola in West Africa,,38119
Kuwait,2014-2016 Ebola in West Africa,,5000000
Susan Thompson Buffett Foundation,2019-2022 COVID-19 Pandemic,,20105294
UN Pooled Funds,2018-2020 Ebola in DRC,,9608480
Royal Charity Organisation,2014-2016 Ebola in West Africa,,1000000
Germany,2018-2020 Ebola in DRC,,30216539
Canada,2014-2022 Poliovirus,,104651657
World Bank Trust Funds,2014-2022 Poliovirus,,128815998
Luxembourg,2014-2016 Ebola in West Africa,,1254328
Greece,2014-2016 Ebola in West Africa,,250313
Tearfund,2019-2022 COVID-19 Pandemic,,1282091
COVID-19 Solidarity Response Fund,2019-2022 COVID-19 Pandemic,,184938818
Relief International UK,2019-2022 COVID-19 Pandemic,,781165
Concern Worldwide,2019-2022 COVID-19 Pandemic,,1616721
Switzerland,2018-2020 Ebola in DRC,,1361620
Rockefeller Foundation,2019-2022 COVID-19 Pandemic,,2475248
ZOA,2014-2016 Ebola in West Africa,,1026944
United States of America,2018-2020 Ebola in DRC,,231608301
Cyprus,2014-2016 Ebola in West Africa,,6350
People in Need,2019-2022 COVID-19 Pandemic,,1596795
International Organization for Migration (IOM),2019-2022 COVID-19 Pandemic,,752105
Italy,2014-2022 Poliovirus,,1138434
War Child International,2019-2022 COVID-19 Pandemic,,1618138
Luxembourg,2018-2020 Ebola in DRC,,550000
Practical Action,2019-2022 COVID-19 Pandemic,,430173
World Bank,2018-2020 Ebola in DRC,,190360204
Germany,2014-2022 Poliovirus,,192062021
Paul Allen Foundation,2019-2022 COVID-19 Pandemic,,1000000
Croatia,2014-2016 Ebola in West Africa,,48000
Societe Anglogold Ashanti De Guinee (sag),2014-2016 Ebola in West Africa,,25000
International Union Against Tuberculosis and Lung Disease,2014-2016 Ebola in West Africa,,440000
Norway,2015-2016 Zika Virus,,517000
Finland,2014-2016 Ebola in West Africa,,20100647
BHP Billiton Sustainable Communities,2014-2016 Ebola in West Africa,,400000
Brazil,2014-2016 Ebola in West Africa,,5817902
World Health Organization (WHO),2014-2022 Poliovirus,,661549729
AstraZeneca,2014-2016 Ebola in West Africa,,403000
CISU,2014-2016 Ebola in West Africa,,1175
Iceland,2019-2022 COVID-19 Pandemic,,204290
Plan International,2014-2016 Ebola in West Africa,,1895771
United Kingdom,2015-2016 Zika Virus,,7720280
International Red Cross and Red Crescent Movement,2018-2020 Ebola in DRC,,47471852
Indigo Trust,2014-2016 Ebola in West Africa,,15377
